"Status","Life.expectancy","Adult.Mortality","Alcohol","BMI","infant.deaths","percentage.expenditure","HIV.AIDS"
0,75,93,1.57,64,1,835.0626827,0.1
0,74.6,152,6.41,32.4,8,789.0772949,0.1
1,81.1,68,11.82,56.6,0,90.58501176,0.1
1,74.8,135,0.01,59.9,2,1.576409172,0.1
0,71.4,192,5.93,2.2,16,27.63810304,0.7
0,56,429,7.38,4.9,52,365.2585722,24
1,81,58,7.67,68.4,0,343.123395,0.1
0,82,65,8.1,66.4,2,102.1902168,0.1
0,57.6,328,6.88,15.9,22,78.47020226,6.2
1,71.6,22,11.29,57.8,0,80.99710054,0.1
0,61.4,29,0.81,43.4,11,103.7277727,1.3
0,68.3,214,2.02,55.1,0,64.39203443,0.1
0,75.2,91,5.63,29,215,91.26749779,0.1
0,74.5,97,4.27,26.5,266,39.22509728,0.1
0,62.9,286,0.62,16.5,6,20.97991915,0.7
1,71.6,24,12.1,58.1,0,76.36187737,0.1
0,68,282,6.39,17.1,18,0.661540371,3.7
0,81.8,67,8.2,65.8,2,9733.228019,0.1
0,59,386,9.3,21,536,105.5910629,5
0,55,282,0.55,19,56,81.8405007,1.7
1,81,76,11.2,59.9,2,7584.078579,0.1
0,56.8,271,0.61,21.3,54,101.8113996,1.5
0,56.2,3,0.01,13,88,16.88735091,0.1
0,62.5,282,0.29,14.9,1,151.9755193,0.1
0,49.8,396,9.66,19.9,549,10.35779424,5.3
0,73.2,133,6.66,51.3,1,18.5314303,0.1
0,65.5,23,1.93,14.9,1300,43.03043312,0.3
0,75.5,127,3.92,52.1,7,41.88087712,0.1
0,74.8,112,1.54,63.7,19,20.75120211,0.1
0,71.2,23,2.83,5.8,2,52.30172215,0.3
0,64.6,239,0.01,19.5,13,9.774676411,0.7
0,69.2,154,0.85,45.3,6,105.6337264,0.1
0,73,135,9.6,53.9,1,503.1115947,0.1
1,74.2,149,7.74,53.6,3,466.7383106,0.1
0,67,19,2.12,17,13,60.18591771,0.3
0,67.2,21,0.32,51.9,30,44.12059646,0.1
0,49.7,411,0.01,22.7,25,54.56033696,0.9
0,59.6,295,6.78,16.5,20,7.409771603,5
1,81.4,55,8.49,69.2,0,409.6000248,0.1
0,84,76,8.2,64.9,0,2528.992935,0.1
0,73,184,2.42,54.7,2,653.6925016,0.2
0,47.8,564,5.53,28.2,3,437.0802438,43.7
0,51.5,491,1.16,17.3,36,7.915071248,14.9
0,73.2,154,3.38,5.2,3,302.7045411,0.1
0,65.4,228,2.93,46.7,7,63.7481117,0.1
0,75.6,11,0.01,6.2,0,648.1331781,0.1
0,71.8,165,3.73,28.6,0,502.3844946,0.1
0,69.4,188,6.64,47.8,0,605.6286892,0.5
0,65.6,215,2.35,43.4,6,37.88466056,0.1
1,78.5,96,13.11,54.9,0,2884.020194,0.1
0,75.5,99,4.25,49.9,0,3.479918859,0.1
0,72,232,17.31,59.9,0,846.9113071,0.1
0,65.9,25,0.55,21.3,44,38.4279083,0.5
0,69.4,242,11.04,58.1,14,184.764931,0.3
0,54.9,41,9.81,14.8,93,50.83901418,8.6
0,54.9,464,6,29.9,28,63.75053034,13.3
1,73.2,152,10.93,62.1,1,661.5144334,0.1
0,74.6,121,6.17,57.8,0,709.1311228,0.1
0,56.8,33,4.16,16.1,23,31.14187566,1.9
1,79.1,86,11.83,57.1,3,5842.374765,0.1
0,52.1,425,1.03,19.3,74,53.9502789,14.1
1,77.8,97,12.14,63.1,0,1884.098811,0.1
0,75,197,3.5,44.2,4,2.092343893,0.4
0,71.2,179,6.02,57,0,1122.972967,0.4
0,73.4,135,0.46,3.7,3,297.5913833,0.1
0,66.8,193,3,16.4,1100,64.6059005,0.2
0,71.5,177,4.38,25.8,0,70.15536981,0.1
0,67.3,191,0.06,19.7,159,72.0159316,0.1
0,46.4,587,5.52,26.7,3,131.0421269,49.9
0,58.1,29,0.22,21.2,28,42.2547904,2
0,66.8,219,4.73,17.8,69,11.69704463,0.1
0,77.8,74,4.6,58,0,364.9752287,0.1
0,73.8,132,7.24,52,1,194.1732658,0.1
0,72.3,172,2.1,18.5,4,17.81424344,0.1
0,75,24,8.48,59,5,415.1627705,0.2
0,81,65,2.47,62.1,1,471.5533294,0.1
0,48.5,559,1.18,16.6,37,4.269511381,19.3
1,78.9,63,11.56,56.3,0,1958.525877,0.1
0,59.9,271,0.01,18.6,64,73.52358168,0.1
0,74.5,114,1.53,62.8,20,1275.877569,0.1
0,73,192,3.61,42.8,4,15.25518816,0.4
0,77,137,0.47,49.1,22,9.469371264,0.1
1,77.7,11,13.33,54.1,0,2813.985285,0.1
0,79.2,97,3.34,57.5,1,2568.237059,0.1
0,74.8,13,1.29,57.4,3,623.2120325,0.1
0,57.6,393,0.01,31.2,2,708.9556648,9.8
0,71.7,142,2.72,47,2,60.55818291,0.1
0,76.8,92,4.61,54.2,0,693.8226461,0.1
0,62.8,254,0.91,17.6,33,71.16601203,0.5
0,62,266,3.72,25,9,60.44658161,1.5
0,53.6,395,5.44,24.4,57,7.562892922,7
0,67.7,189,0.07,21.3,149,10.26341108,0.2
0,73.7,123,0.97,48.5,8,122.6523334,0.1
0,71.6,16,3.63,69.7,0,287.4671305,0.1
0,59.7,285,0.01,23.7,13,4.877350139,1
0,73.6,158,3.03,31.3,0,918.807245,0.1
1,81.7,58,0.01,61.6,1,1491.703605,0.1
1,71.1,174,8.78,52.9,4,375.1740323,0.1
0,65.9,227,0.14,53.8,31,146.7606488,0.1
0,64.7,23,0.87,19.5,29,79.50882493,0.4
0,71.5,165,4.43,47.5,17,404.4205858,0.1
0,59.4,34,1.07,13.9,7,5.064688968,1.6
0,77.3,121,6.9,54.9,1,119.2124275,0.1
0,72.1,129,0.54,55.5,4,259.1572375,0.1
0,65.5,237,0.01,35.8,2,715.2816939,2.8
1,81.4,66,12.32,57.1,0,8350.193523,0.1
0,72.7,135,1.29,44.6,10,93.50075111,0.1
0,63.1,245,0.01,48.8,14,5.103249438,0.5
0,76,119,8.28,61.6,8,1001.796332,0.1
0,74.4,123,0.5,52.8,20,352.0636419,0.1
1,81.3,63,8.37,59.4,2,5228.821581,0.1
0,76.2,91,5.28,54.3,1,41.82275719,0.1
0,76.4,94,4.54,53.1,0,630.3883564,0.1
0,73.9,146,1.69,15.6,5,72.4280894,0.1
1,76.6,11,11.89,5.1,1,167.3280168,0.1
0,76,121,3.82,53.5,6,79.11626341,0.1
0,63,275,1.78,24.2,41,161.0106435,2.2
1,82,61,9.35,64.8,1,4255.781693,0.1
0,80,71,2.41,6.6,1,250.9343317,0.1
0,79.2,96,4.07,54.4,1,24.88720369,0.1
0,67.4,232,0.17,19.5,1,27.48907048,0.4
0,74.8,12,1.28,56.5,3,64.85616718,0.1
0,75.2,19,1.41,64.5,17,188.1440348,0.1
0,54.1,412,1.82,16.4,70,39.55677502,11.6
0,64.7,249,0.03,53.2,31,75.25799773,0.1
0,53.3,394,5.22,23.8,58,0.962497052,7.2
0,73.4,16,1.6,17.3,0,611.9093566,0.1
0,69.8,226,14.22,57.7,1,464.077513,0.1
0,85,75,8.2,61.9,2,771.1817686,0.1
0,76,174,3.3,67.4,0,208.1688437,0.1
0,64,284,1.75,41.3,2,73.24150483,0.1
0,82.2,79,11.5,62,3,6739.677606,0.1
0,67.7,254,10.74,54.9,1,14.06141699,0.1
0,67.8,231,0.01,49.2,1,253.8285861,0.1
1,82.3,61,10.03,65,1,11714.99858,0.1
0,64.1,222,0.46,67.9,0,11.07543331,0.1
0,61.8,286,0.79,44.9,10,18.99961966,1.1
0,59.2,349,2.59,21.7,29,196.9152496,5.6
0,75,127,4.77,54.1,49,12.1859723,0.1
0,53.2,446,10.09,14.5,99,44.52614001,8.7
0,57.1,263,0.11,16.9,51,5.665405066,1.1
1,73,219,7.44,56,0,376.4570185,0.1
0,63.7,183,0.01,18.4,364,28.98323119,0.1
0,64.8,175,0.03,21.3,371,0.697215581,0.1
0,67.5,183,0.22,15.9,25,6.19357029,0.2
0,73.8,13,5.38,56.5,0,595.7306923,0.1
0,71.4,162,3.62,68.9,0,310.6117683,0.1
0,73,189,17.87,56.3,0,1904.12469,0.1
0,71.9,131,0.55,54.8,4,248.697463,0.1
0,65,254,0.73,16.7,1,145.5965445,0.3
0,72.9,172,0.01,35.5,0,1521.672751,0.1
0,61.2,278,1.8,19.5,60,109.7051836,3.4
0,58.6,281,0.01,16.2,77,56.76221682,0.1
0,61.4,311,0.63,15.5,6,1.575160196,1
0,61.7,215,0.01,26.8,8,11.14504291,1.2
0,64.1,216,2.03,14.3,17,51.50447119,1.1
0,78,149,0.83,48.2,0,361.0940984,0.1
1,78.5,71,6.7,63.9,0,1678.392773,0.1
0,71.1,194,5.88,18.7,18,0.27564826,0.8
0,63,328,2.41,22.3,29,20.62306285,4.8
0,69.6,181,7.24,45,0,69.63051047,0.6
1,81,67,10.49,61.3,0,703.5527332,0.1
0,71.8,172,6.95,46.1,88,15.85781237,0.1
0,66.9,163,0.1,15.5,2,38.58376645,0.1
0,54.3,288,0.53,18.5,57,67.70920683,1.8
0,73,155,5.39,45.6,3,30.93519548,0.1
0,68.9,23,2.31,58,0,60.65068446,0.1
0,62,312,0.17,13.9,1,93.35872844,0.1
0,63.3,229,2.33,38.7,7,130.3784829,0.1
0,80,78,9.08,63.1,0,372.6854142,0.1
1,74.1,14,12.06,64.5,1,149.659879,0.1
0,74.7,95,1.62,63,1,8.140373615,0.1
0,66,217,2.9,47.7,7,691.1333535,0.1
0,57.5,295,0.02,15.2,82,10.91015598,0.1
0,75.4,124,5.86,56.3,1,27.46880965,0.1
0,72.1,186,7.91,29.2,0,12.94324581,0.1
0,75.4,126,8.41,58.6,10,1413.73543,0.1
1,79.9,75,9.53,59,1,3064.301144,0.1
0,56.9,283,4.55,16.1,44,81.14304705,1.1
0,72.4,149,0.54,26,4,23.37167228,0.1
1,81.7,58,7.4,57.7,0,11477.6671,0.1
0,69.9,185,6.41,4.2,0,1902.693048,0.3
1,78.8,91,12.05,59.8,1,5160.508378,0.1
0,55.3,293,4.58,15.1,46,73.92730583,1.7
0,64.6,217,0.49,69.7,0,70.75572222,0.1
0,72.6,141,2.86,47.4,1,53.19373012,0.1
0,47.1,568,6.72,26.3,3,143.6197316,48.8
0,75.9,17,0.01,61.3,0,726.0291764,0.1
0,67.2,161,0.5,15.8,2,2.726570602,0.1
0,63.9,292,6,43.9,9,112.541157,0.1
0,59.9,268,0.01,18.1,66,73.21924272,0.1
1,79.8,81,12.4,53.2,0,69.92899358,0.1
0,76.3,118,6.21,61.2,0,2331.532804,0.1
0,72.1,174,5.93,55.8,6,857.1307037,0.4
0,66,271,1.76,24.9,41,30.72290501,2.1
0,69,218,2.79,45.3,4,353.6690328,0.4
1,79.4,85,12.4,52.7,0,5992.588029,0.1
0,56,276,0.59,2.2,55,84.63438925,1.6
0,45.5,648,1.99,26.4,5,5.300902041,33.8
0,79.7,71,2.32,59.6,1,1731.755747,0.1
0,71.8,163,4.45,48.2,17,393.8773633,0.1
0,68.7,223,0.01,21.9,0,188.7373664,0.6
0,78.9,9,7.39,58.7,2,209.4875875,0.1
0,67.9,22,1.85,52.2,0,206.071686,0.1
0,76.6,118,6.67,6.7,0,1871.736563,0.1
0,68.6,151,0.01,13.5,154,46.36536703,0.1
0,76.9,92,4.64,53.7,0,7.959131146,0.1
0,68.5,186,0.99,47.2,0,229.6687488,0.1
0,72.5,173,3.83,47.9,3,253.0007812,0.2
0,71.9,123,0.01,49.7,5,285.6103912,0.1
0,77.3,122,0.01,59.4,0,2700.07305,0.1
0,67.8,221,1.93,51.2,0,20.7119129,0.1
0,56.7,375,0.01,22.2,61,54.91159475,4.1
0,79.3,81,9.95,6.5,0,2785.139364,0.1
0,69.7,187,6.37,39.3,0,136.8836683,0.7
0,72.8,148,4.44,48.8,13,411.5645653,0.4
0,68.1,227,0.01,5.4,1,241.1958645,0.1
0,77,137,0.01,16.4,111,59.2589257,0.1
0,67.8,235,6.64,48.5,7,808.243302,0.1
0,72.6,144,3.01,72.5,0,434.7940679,0.1
0,77.6,65,0.01,24.1,0,1259.940376,0.1
0,59.8,296,0.45,3.9,1,20.86878709,3.5
0,79,169,4.17,68.2,0,24.99717134,0.1
0,62.2,212,0.01,28.1,8,79.27658464,1.2
0,61.6,288,0.82,44.2,11,20.53327531,1.1
0,73.8,14,4.69,51.5,10,570.4532468,0.3
0,73.9,138,4.85,5.8,11,58.4989742,0.3
0,78.6,97,4.1,5.3,1,1002.833273,0.1
0,71.2,188,6.13,44.1,7,340.0239945,2.5
0,73.7,14,4.72,52.2,10,69.43934508,0.2
0,74.5,125,6.13,55.3,1,221.482875,0.1
0,73.1,166,3.48,44.5,1,155.5884677,2.3
1,79.5,86,10.25,6.9,0,640.3560918,0.1
0,73.5,11,3.04,23.4,360,1.58668462,0.1
0,72.4,148,1.79,7.1,0,503.5881956,0.1
0,67.5,257,4.49,54.8,6,7.883791474,0.7
0,68.5,199,4.99,42,0,262.8299189,0.1
1,76.7,128,10.93,59.1,2,250.0773782,0.1
0,72.4,124,4.45,26.8,0,339.9777364,0.4
0,74.1,131,9.85,56.4,1,820.8109098,0.1
0,75.6,127,5.36,58.7,37,159.8772264,0.1
0,63.2,231,0.4,15.2,69,3.824212472,0.5
1,74.3,138,12.03,65.1,1,153.1400362,0.1
0,67.4,24,0.9,42.1,0,25.31155956,0.1
0,53,432,1.43,15.9,72,36.29775249,13.2
0,81.7,83,11.8,6.6,3,683.9190568,0.1
0,72.9,164,6.05,5.4,6,74.8217488,1.6
0,59.4,287,0.01,23.1,14,48.73047089,1.5
0,75.7,12,8.11,6.4,9,1504.329462,0.1
0,72.3,182,4.94,32.4,0,75.2256582,0.1
0,75.3,125,0.01,54.9,8,973.728675,0.1
0,75.4,123,9.09,59.4,1,8.617208431,0.1
0,71.7,189,6.14,2.9,15,282.8364612,0.6
0,67.3,282,12.19,56.1,16,11.02617159,0.3
0,76.3,123,5.29,61.5,33,112.696486,0.1
1,79.4,85,11.98,57.5,0,15345.4907,0.1
0,72.4,15,4.25,49,16,417.8038898,0.1
0,53.8,4,1.18,2.1,70,39.75216936,11.3
0,58.4,288,0.01,21.7,28,4.344930862,1.9
0,68,219,4.42,22.1,59,159.5348489,0.1
0,65.6,27,0.33,2.5,47,21.23698847,0.5
1,88,72,11.5,59.6,0,17028.52798,0.1
0,68,184,3.07,18.1,957,86.52153895,0.2
0,65.6,22,2.75,45.9,7,579.4128244,0.1
0,62.7,278,0.01,47.9,10,208.2311603,0.7
0,74.9,97,1.29,64.9,1,14.55610463,0.1
1,79.7,82,11.75,57.9,0,267.051312,0.1
0,71.5,174,4.08,26.9,0,407.779262,0.1
0,88,73,7.53,66,0,2163.043414,0.1
0,73.6,157,7.33,51.1,57,564.5233902,0.1
0,56.3,41,9.79,15.6,84,72.85023656,8.2
0,75,175,3.43,66.5,0,199.4118322,0.1
0,71.7,166,6.64,41.3,4,155.4233076,0.1
0,83,76,9,63.7,0,3189.754439,0.1
0,44.8,666,1.8,26.9,5,67.91361818,34.6
0,72.8,135,1.25,45.3,9,91.70356833,0.1
0,65.8,21,4.13,26.2,0,11.13608747,0.9
1,81.4,68,11.02,6.5,0,15515.75234,0.1
0,62.2,284,0.01,46.4,10,31.6357652,1
0,66.2,168,0.06,14.7,2,36.69198927,0.1
0,65,37,7.72,3.8,2,353.2438029,10.9
1,81.3,7,10.24,62.3,2,5596.535203,0.1
0,68.8,182,0.01,48.9,0,24.73328608,0.1
0,52.3,375,8.75,22.8,513,187.5733187,4.7
0,78,174,6.7,44,0,1486.236406,0.4
0,79.2,11,13.78,55.8,3,3779.655273,0.1
1,72,155,11.19,58.6,1,32.38616103,0.1
0,75.3,115,6.56,59.1,0,635.4849381,0.1
0,65.1,21,0.46,74.1,0,167.6201552,0.1
0,69.7,28,5.71,48.2,7,289.7418649,2
0,67.2,217,4.44,19.2,67,0.901149288,0.1
1,87,59,6.91,68,0,3601.287457,0.1
0,52,48,6.66,14.5,29,33.30286123,8.1
1,83,76,11.42,58.8,0,2052.393076,0.1
0,58.5,39,1.06,14.5,186,30.46451811,2.8
0,52.9,462,1.08,17.6,35,9.728005297,13.7
0,64.4,284,5.75,44.4,8,12.60883976,0.1
0,72.2,185,8.12,3.7,0,102.373909,0.1
0,68.2,152,0.01,13,164,42.3304549,0.1
0,52.3,52,2.39,3.2,4,195.825251,10.5
0,72.7,174,0.01,34.8,0,177.2633961,0.1
0,74.1,96,0.43,57.5,18,198.7343495,0.1
0,67,325,0.01,17.6,71,90.76144414,4
0,76.9,86,5.14,55.8,0,412.4433563,0.1
1,78.8,88,12.2,51.7,0,504.4308735,0.1
0,71,177,4.6,25.3,0,336.3213326,0.1
1,78.5,66,10.62,54.3,0,158.7087399,0.1
0,65.1,172,0.04,21.9,372,0.66751505,0.1
0,64,271,1.31,4.5,2,56.05686428,0.1
0,66.5,238,0.16,18,1,283.806236,0.3
0,73.2,159,3.14,45.1,4,231.9112915,0.6
0,67.6,187,3.11,17.5,1000,67.67230438,0.2
0,74.4,151,3.69,45.8,8,18.26183281,0.3
0,77,25,8.44,59.6,5,453.7830847,0.2
0,67.5,278,12.04,56.6,16,161.7301654,0.3
0,86,92,12.4,58,3,5689.991931,0.1
1,72.6,184,9.85,58.5,0,1137.6237,0.1
0,59.8,289,1.13,14.9,177,38.55783268,2.4
0,52.8,296,0.49,17.5,58,57.11644801,2
0,72.2,11,2.84,21.2,457,14.23064496,0.1
0,66.6,165,0.09,15.1,2,36.199487,0.1
0,76.5,118,5.77,62.3,0,339.7190493,0.1
0,59.2,393,5.01,34.7,2,426.7855662,9
0,57.6,377,0.01,19.2,27,59.48744893,5.1
0,66.9,194,0.01,28.5,0,8.198047581,0.5
0,70,226,14.09,58.7,0,434.7985025,0.1
1,82.1,63,9.62,64.1,1,4873.8188,0.1
0,59.1,342,0.64,13.6,7,10.26097341,1.8
0,74.3,143,4.44,55.7,11,1487.896562,0.1
1,81,67,10.3,61.5,1,579.1331637,0.1
1,89,76,12.6,63.4,0,7163.348923,0.1
0,71.6,135,1.42,55.9,35,459.1113061,0.1
0,67.6,2,0.99,43,0,240.4851202,0.1
1,89,66,8.98,57.6,2,4270.914882,0.1
0,70,196,5.13,54.1,0,885.0739766,0.6
0,73,16,3.16,44.3,5,222.4823338,0.7
0,73.9,118,1.4,61.1,23,106.9482898,0.1
0,65.7,24,0.01,76.2,0,147.4549755,0.1
1,76.6,16,12.1,6.6,0,206.8868182,0.1
0,71.3,189,2.02,48.6,11,484.7187892,0.4
1,74.3,139,9.1,57.7,2,10.32588862,0.1
0,76,147,0.01,57.2,32,429.6625083,0.1
0,71.7,194,2.68,51.4,2,53.95949877,0.3
0,72.5,159,5.61,44.2,3,318.6201852,0.1
0,64.8,214,0.48,71.4,0,10.6242741,0.1
0,79.6,88,7.31,59.3,2,241.5533381,0.1
0,75.6,137,14.97,57.6,0,1802.017593,0.1
0,71.1,193,2.16,47.9,11,457.7745845,0.4
0,73.9,127,8.14,52.8,1,198.94876,0.1
0,55.3,37,6.15,26,53,100.8987451,5.5
0,66,2,2.5,15.4,1300,0.844186331,0.2
0,58.6,271,4.75,17.7,41,78.76987363,0.8
0,58.8,284,0.01,22.2,27,5.140668848,1
0,59.3,251,0.01,24.1,25,9.80407467,1.3
0,64.1,241,2.58,42,6,0.358651421,0.1
0,74.4,12,8.65,49.9,1,106.164686,0.1
0,67,223,4.22,2.1,65,105.7306982,0.1
0,73.6,156,3.1,46.8,4,302.1057507,0.4
0,74.8,99,1.32,65.4,1,140.3771361,0.1
0,45.1,615,1.11,15.5,40,58.13583343,23.4
0,52,374,8.9,22.2,521,133.1230872,4.8
1,81.3,66,10.56,62.5,1,872.5986092,0.1
0,72,142,2.9,47.1,1,32.75626853,0.1
0,76.8,117,5.82,62.9,0,482.8039445,0.1
0,72.9,141,4.01,49.2,1,244.5352767,0.1
0,47.8,592,2.75,28.8,5,91.85432774,27.3
0,59.3,268,0.01,18.8,39,8.386339501,0.6
0,77.3,67,1.92,23.1,0,1079.893546,0.1
0,75.7,1,4.82,51,0,38.25414065,0.1
0,72.6,145,1.1,71.5,0,569.6255035,0.1
0,69.1,219,0.01,22.7,0,19.79057439,0.6
0,56.7,295,0.01,13.4,87,11.08905273,0.1
0,73.3,165,6.2,24.6,12,520.7639087,0.4
0,72.9,161,3.24,29.1,0,582.5143743,0.1
0,61.4,223,0.01,18.9,49,3.304039899,0.5
0,79.1,89,7.93,6.6,2,177.4925143,0.1
0,73.9,147,0.01,49.4,3,561.7684701,0.2
0,68.4,172,0.27,16.9,22,112.1229028,0.2
0,71.9,165,6.2,42,3,20.60083027,0.2
1,86,71,10.94,61.4,2,895.8779503,0.1
0,69.2,231,8.71,58,5,324.5491348,0.3
0,73.5,146,4.45,52.8,14,978.07041,0.1
0,62.8,26,7.92,18.3,16,63.78723633,2.3
0,57.9,339,1.71,17.9,64,60.5153506,6.4
1,81.3,66,10.76,62.9,1,8547.292357,0.1
0,55.3,316,0.01,12.6,88,10.5747282,0.1
0,65.5,26,0.53,75.7,0,30.46703899,0.1
0,66.7,174,0.3,35.9,10,35.71613793,0.2
0,63.8,247,8.34,18.9,14,9.074569426,1.3
0,75.2,123,6.48,55.7,1,421.4804282,0.1
0,73.8,148,5.03,48.6,3,573.4346982,0.2
0,71,198,8.44,6.1,4,52.42529588,0.2
1,80,79,11.22,59.5,2,7641.270645,0.1
0,68.1,218,1.63,54.2,0,43.99452464,0.1
0,57.5,378,9.63,15.9,82,87.04534954,8.1
0,67.9,189,0.08,22.1,143,125.7980678,0.3
0,81.1,88,11.8,59.6,3,6415.35735,0.1
0,78.2,62,0.01,26.2,0,2051.748615,0.1
0,53.6,29,0.55,18,57,60.21211141,1.9
0,73.1,13,2.96,22.6,391,122.9365349,0.1
0,72.8,12,0.01,29.7,0,325.6298627,0.2
1,79.5,87,10.47,61.3,0,7191.051507,0.1
0,72.7,134,3.03,48.1,1,7.341493148,0.1
1,83,62,7.91,67.6,0,278.0687051,0.1
0,61.2,219,0.02,25.5,8,7.35400072,1.3
0,53.2,367,8.3,24.1,498,194.2032879,3.9
0,64.2,286,0.01,36.8,2,1.117811275,2.8
1,71.9,162,7.68,53.9,3,615.4030781,0.1
0,73.7,13,2.1,6.2,1,618.3614858,0.1
0,64.9,213,0.6,72.1,0,111.7392134,0.1
0,75.5,17,1.45,65.3,16,181.9083783,0.1
0,75.3,1,5.61,52.6,1,36.62206845,0.1
0,68.9,25,4.47,51.1,0,418.9206608,0.6
0,75,93,1.53,64.4,1,151.1526829,0.1
0,58.4,259,1.16,22.5,25,71.01399249,1.6
0,78.2,84,8.48,57.4,1,122.1823517,0.1
1,77,175,10.16,51.4,4,152.6368899,0.1
0,73.6,157,6.05,52.6,6,587.8828228,1.2
0,64.5,274,2.75,42.1,2,98.68367951,0.1
0,72,176,6.58,43.1,7,44.79247812,2.5
0,61,255,0.12,2.6,2,93.36788979,0.1
0,46,66,1.04,15.9,39,5.670640102,22.4
0,78,23,8.06,6.7,4,5.663849328,0.2
0,67.7,253,4.31,55.1,6,8.897421459,0.8
0,76.2,117,6.58,58.9,1,1712.225506,0.1
0,75.3,112,0.53,57.2,21,544.4507432,0.1
0,71.3,171,2.74,39.6,6,15.36175284,1.6
0,68,22,1.76,53.2,0,253.8196705,0.1
0,52.1,437,1.66,15.1,76,32.73674134,15.7
1,78.4,91,12.25,56.1,3,437.1059663,0.1
0,48.2,375,6.35,18.8,87,184.8213446,2.6
0,75.6,126,8.33,59.2,10,1398.042623,0.1
0,58.1,329,0.01,26.7,8,54.37396957,0.9
0,64.3,219,0.6,68.8,0,59.97185848,0.1
0,74,148,0.2,55.2,32,185.6366983,0.1
0,73.8,154,7.52,52,54,1111.191325,0.1
0,64.3,212,0.28,21.7,21,1.020071763,0.4
0,73,22,6.32,46.1,7,293.0196601,2.3
0,73.4,158,4.13,44.3,9,14.5887403,0.3
0,63.4,3,0.01,36.2,2,12.83447357,4.4
1,78,179,9.78,51.9,4,180.1095132,0.1
0,67.3,191,0.01,3.1,0,225.7307751,0.2
0,62,329,1.23,14.7,6,11.42385961,1.3
0,79.4,8,9.67,61.8,0,3632.243121,0.1
1,77.3,12,10.71,61.1,2,243.808475,0.1
0,75.9,9,5.58,51.7,1,32.24655228,0.1
0,77.2,84,4.76,56.5,0,430.8769785,0.1
1,71.8,157,10.2,58.1,1,33.26778134,0.1
0,61.8,246,0.15,21.6,2,47.30421873,0.1
0,79.7,78,7.7,6,2,4687.845565,0.1
1,77.7,97,12.39,62.5,0,1899.107385,0.1
0,52.6,487,2.08,19.2,32,10.85148218,13.6
0,73,181,2.48,54.1,2,591.7757569,0.3
0,74.7,142,3.33,49.7,1,235.7067417,0.6
1,81.2,65,8.44,58.8,2,473.1915451,0.1
0,66.8,221,4.42,18.7,68,0.09987219,0.1
1,69.9,228,6.68,55.7,0,332.2751709,0.1
0,50,51,5.55,28.5,3,43.3664999,40.7
1,78.6,92,12.4,5.6,0,3582.848308,0.1
0,65.6,199,2.24,15.3,16,53.10009046,0.7
0,69.6,169,0.85,44.1,0,334.1673373,0.1
0,45.4,7,4.57,27.9,28,34.26216876,26.8
0,62.4,281,0.01,47.2,10,25.70881695,0.8
0,71.8,129,3.28,46,2,47.81704183,0.1
1,79,67,6.41,65,0,2247.035692,0.1
0,46.6,67,3.88,28.2,29,29.81456607,23.7
1,79.6,65,7.45,66.1,0,2578.888314,0.1
0,56.2,344,1.33,2.4,14,69.35924758,4.8
0,53.4,369,5.54,14.1,24,1.747440948,4.3
0,76.5,122,6.94,54.2,1,1199.319976,0.1
0,51.8,367,0.62,17.9,46,57.8242709,3.6
0,74.9,156,15.04,57.1,0,1717.088711,0.1
0,68.9,179,0.09,26.5,119,200.0684443,0.3
0,59.1,317,1.86,18.4,62,7.146851404,5
0,59.3,327,0.61,38.9,11,110.9803062,1.4
0,71.4,189,1.93,49.3,11,582.1469583,0.4
0,74.6,12,1.24,53.9,3,469.6282925,0.1
1,72.2,192,12.4,59.7,0,1446.529217,0.1
0,65,211,0.68,73.4,0,188.7108773,0.1
0,74.5,133,4.83,52.9,9,759.5380695,0.2
0,76.1,124,5.3,6.8,34,1117.196097,0.1
0,58.3,34,1.46,21.8,41,53.23775977,3.2
0,64.2,234,0.01,17.2,140,89.95805845,0.6
0,67.3,171,0.32,36.6,10,43.34099958,0.2
1,81.1,63,8.96,59.9,1,1047.370244,0.1
1,78.7,69,6.53,64.5,0,203.3157499,0.1
0,52.6,362,0.01,18.7,46,11.3020668,2.9
0,72.4,127,0.55,57.8,4,27.44252286,0.1
0,64.2,22,0.28,17,61,4.632776304,0.6
0,68.4,154,0.62,44.2,6,8.59680496,0.1
0,61.6,298,8.75,32.4,2,11.05422474,8.9
0,69.3,199,4.52,51.8,0,72.800168,0.6
0,71.9,168,4.16,27.5,0,509.3899943,0.1
0,61.2,263,1.64,26.1,40,225.2219474,1.3
0,49.1,369,7.01,19.8,81,212.9229325,2.5
0,57.4,368,2.3,2.2,30,143.8698873,9.1
0,73.8,132,0.47,33.4,3,438.4519214,0.1
1,71.4,22,11,57.5,0,561.9168642,0.1
0,73,24,2.97,47,3,29.68529375,0.4
0,73.4,117,0.51,61.7,4,715.9709092,0.1
0,72.3,134,3.74,48.1,1,7.132564768,0.1
0,71.2,141,0.85,49.9,0,457.9731742,0.1
0,67.8,183,0.01,18.2,11,8.758214538,0.2
0,72.4,129,1.29,57.6,30,832.9552058,0.1
0,61.1,295,0.71,42.7,11,85.7175381,1.4
0,72.5,147,1.08,72.1,0,4.783805563,0.1
0,76.5,127,6.74,52.7,1,956.8229765,0.1
1,88,66,8.65,58.2,2,4506.255963,0.1
0,65.1,268,0.01,37.3,2,662.802194,2.3
0,60,339,0.01,17.2,73,92.88697859,4.6
0,69.4,195,0.01,6.2,0,431.4854874,0.1
0,76.8,117,6.03,63.4,0,463.6397821,0.1
0,52.2,366,0.64,18.2,46,76.52382535,3.1
0,85,76,8.02,64.3,0,3192.887363,0.1
0,54,496,8.5,44.3,54,732.1255305,28.1
0,67.4,186,0.01,17.6,12,6.914723983,0.3
0,59.5,272,0.01,17.6,69,78.1842153,0.1
0,72,132,1.35,56.8,33,1.132766775,0.1
0,78.9,93,4.2,52.4,1,150.8891479,0.1
1,82,6,6.98,61.5,2,5439.691769,0.1
0,67.6,256,4.89,55.4,6,115.738974,0.9
0,73.1,144,4.38,5.5,15,531.9808176,0.1
0,57.3,397,7.3,4.1,51,45.96380839,21.3
0,77.5,8,4.51,57.2,0,428.7490668,0.1
0,56.7,287,3.21,23.1,4,53.30782696,5.9
0,76,121,3.77,52.8,6,59.12850204,0.1
0,73,137,4.25,48.8,1,20.21822828,0.1
0,71.6,135,0.01,51.7,0,447.545645,0.1
1,86,79,10,6.2,0,2698.01817,0.1
0,62.2,263,0.52,33.2,1,217.2125786,1.9
0,64,267,0.81,15.4,38,23.72796328,0.6
0,59.6,271,0.26,18.4,2,45.09010835,0.1
0,72.7,163,6.97,47.8,75,23.76370075,0.1
0,74.3,15,3.11,49.3,4,311.7553193,0.4
0,74.4,145,4.41,56.4,11,15.16255482,0.1
0,74.2,134,4.22,49.5,12,448.7670462,0.4
0,67.5,217,4.21,21.6,60,155.4767618,0.1
1,78,99,13.45,53.3,0,276.0999798,0.1
0,74.1,1,1.82,61.4,1,534.5795695,0.1
0,58.1,279,0.01,25,4,8.20063742,4.5
0,49.2,446,1.67,2.2,17,43.48359197,6.6
0,46.2,633,2.69,28.3,4,9.18432717,30
1,79.4,77,9.78,55,3,31.50582204,0.1
1,81.6,66,9.99,62.9,2,5047.254058,0.1
0,74.6,142,2.56,21.9,3,41.62053588,0.1
0,67.4,159,0.01,16.2,2,30.17998548,0.1
0,47.1,433,3.97,21.2,28,49.8371267,1.7
0,69.9,29,3.1,47.8,3,400.1342971,0.3
0,69.4,184,6.48,44.4,0,387.3324928,0.6
0,68.1,252,11.01,56.7,1,45.65007798,0.1
1,78.1,7,9.56,52.8,0,950.8027925,0.1
1,81.1,7,11.34,6.1,0,2284.58215,0.1
0,68.4,214,4.52,24.8,54,31.27232188,0.1
1,86,71,11.18,6.9,2,839.91332,0.1
0,74.3,93,1.47,18,0,620.9518909,0.1
0,65.4,29,0.3,19.8,49,17.48293752,0.5
1,81.9,64,9.78,63.5,1,578.7417172,0.1
0,71.4,189,6.43,45.1,7,4.67359227,2.4
0,64.6,322,11.32,54.7,20,333.2148711,0.4
0,68.4,256,11.05,57.5,15,162.8088054,0.2
0,73,134,7.42,53.3,1,462.7076756,0.1
0,75,126,4.86,53.2,52,13.31109532,0.1
0,73.4,15,5.79,47.1,3,472.1932825,0.1
0,75.4,122,5.66,57.7,1,882.356362,0.1
0,74.7,119,0.45,53.9,21,430.7175861,0.1
0,59.2,371,6.5,31.3,23,10.82259524,6.3
0,58.2,366,2.57,21.2,29,183.0461695,6.3
0,72.3,178,6.2,49.3,7,352.9551269,1.8
0,75.7,123,6.35,58.3,1,152.5448405,0.1
0,75,153,1.18,47.4,0,345.339056,0.1
0,72.7,166,2.49,29.7,0,6.6489825,0.1
0,71,213,2.77,49.4,3,440.6027042,0.2
0,64.5,235,2.4,42.7,6,34.23979419,0.1
0,73.9,128,7.17,5.5,1,151.762567,0.1
0,72.1,152,4.5,47.4,15,34.70333523,0.4
0,59,27,4.64,18.2,40,88.97040214,0.7
0,68.9,243,12.6,57.2,1,364.426052,0.1
0,81,93,12.2,57.5,3,5451.701225,0.1
0,73.8,121,0.83,49.4,8,17.98136184,0.1
0,65.9,26,3.79,43.9,2,126.698109,0.1
0,58,434,1.23,18.5,80,67.33378735,16.2
0,73.3,159,7.19,49.4,65,394.9321299,0.1
0,73,168,6.18,23.6,13,433.9210918,0.5
0,72.1,129,4.25,24.9,0,26.45133197,0.6
0,65.8,245,0.29,17.4,1,169.2023968,0.3
0,75.8,122,5.53,5.3,1,623.9100503,0.1
0,73.9,153,3.1,47.6,4,32.16407994,0.4
0,71.4,128,0.56,5.8,21,157.6431445,0.1
0,76,198,2.14,46.5,12,445.4423371,0.4
0,65.4,215,4.36,25.4,0,62.8565863,0.9
0,75,192,2.4,45.2,13,380.9632429,0.4
0,72.3,195,15.07,55.2,0,101.1201161,0.1
0,73.3,161,6.12,51.5,6,49.09241952,1.4
0,81.2,7,8.4,64.1,2,8649.674911,0.1
0,57.3,291,0.02,14.2,85,1.388647732,0.1
0,71,145,0.91,49.1,0,471.8626525,0.1
0,71.7,23,14.66,61.1,0,1109.854619,0.1
0,72.8,121,0.59,58.6,4,313.3626015,0.1
1,83,53,0.01,59.8,0,207.3041936,0.1
1,79.9,73,9.84,59.6,1,46.3871819,0.1
0,62.9,2,0.04,18.9,364,30.59320769,0.1
0,54.8,491,6.45,33.2,2,76.31867911,14.4
0,62.9,233,0.01,23.2,1,61.57443584,0.8
0,58.6,33,0.01,17.6,22,40.15128458,1
0,72.5,169,3.64,48.6,3,275.064434,0.2
0,61.8,268,0.39,32.7,1,20.35974738,2.7
0,74.9,93,4.88,27.3,248,50.28348923,0.1
0,65.9,177,0.38,33,11,2.093721752,0.3
0,73.3,165,3.67,45.4,1,192.3226305,2.3
0,66.4,192,0.26,23.8,19,12.80528533,0.3
0,63.2,23,0.01,23.7,1,73.86584922,0.8
0,76.2,118,7.93,62.2,8,847.3717463,0.1
0,44.8,73,4.43,26.3,25,0,39.8
0,71.6,169,3.09,4.4,6,154.8636161,1.5
1,78,95,12.91,55.1,3,4238.540035,0.1
0,68.1,166,0.32,37.4,10,51.9919227,0.2
0,73.2,152,5.65,46.4,3,359.9760397,0.1
1,78,1,11.01,58.5,1,2943.375396,0.1
0,69.3,214,5.16,47.2,7,182.6162515,2.1
0,69.9,165,0.88,44.9,0,337.2942846,0.1
0,73.2,14,3.96,5.1,1,2.8888979,0.1
0,49.6,394,0.45,16.4,46,49.09198224,4.7
0,61.1,314,0.01,22.8,28,196.6675768,4.3
0,77.2,12,6.95,55.6,1,201.7490628,0.1
0,76.2,125,5.72,51.1,1,631.1251711,0.1
0,75.7,13,5.27,59.4,36,881.7364327,0.1
0,69.2,197,0.01,59.5,0,401.7931045,0.1
0,55.3,35,4.33,15.2,23,15.99415192,2.9
1,82,63,7.38,67.1,0,335.5180568,0.1
0,73.5,132,3.99,49.7,1,44.57219966,0.1
0,79.4,96,3.42,58.5,1,386.1379123,0.1
0,49.3,554,2.33,18.4,34,121.879331,17
1,79.2,85,11.67,57.6,3,6012.92584,0.1
0,65.8,232,0.01,33.3,3,796.8734263,3.7
0,47.8,647,5.37,29.9,2,250.8916484,38.8
0,72.8,142,1.24,72.7,0,471.8307668,0.1
0,62.8,289,8.9,34.1,2,133.5223672,6
0,57.4,323,1.21,21.4,14,41.96145465,3.8
0,79.2,81,9.56,59.9,0,287.6124519,0.1
0,59.2,48,7.38,48.7,43,1089.954838,7.6
0,69.1,2,2.25,58.7,0,62.08343533,0.1
0,69.6,158,0.01,18.5,18,8.523486403,0.1
0,73.4,158,7.21,5.3,61,526.3780636,0.1
1,85,69,11.49,6.5,0,6616.695125,0.1
0,52.6,46,4.9,29.3,3,47.6164523,33.7
0,74.9,129,5.14,53.6,9,885.9858185,0.1
0,73,141,1.18,46.6,6,206.2616134,0.1
0,57.2,27,0.01,21.9,53,96.5465827,1.5
0,83,83,7.16,63.1,2,2352.999591,0.1
0,58.8,343,0.56,13.3,7,6.913998013,1.9
0,65,327,11.57,55.3,18,625.5081805,0.3
0,65.9,221,7.52,42.4,0,48.02859441,0.4
0,65,263,0.01,19.1,62,71.27962362,0.1
0,74.5,138,2.31,19.8,3,191.7267589,0.1
0,74.4,98,1.72,61.9,1,8.906931168,0.1
0,69.7,24,2.38,44.5,14,352.0244894,0.4
0,71.4,23,2.55,52.1,2,416.4338399,0.3
0,76,187,5.64,55.5,0,989.1263558,0.1
0,75.4,121,5.11,57,1,160.8400141,0.1
0,66.9,189,0.05,17.5,173,8.460155758,0.1
0,67.1,192,0.01,29.3,0,200.6600988,0.2
0,68.3,225,0.23,21.1,0,289.8524057,0.5
0,81.7,61,2.63,63,1,409.4109292,0.1
0,71.7,187,1.88,49.9,10,657.5282797,0.4
0,57.6,278,1.28,22,25,7.615430126,1.8
0,79.3,74,2.47,59.2,1,1701.195787,0.1
0,76.6,122,5.26,62.8,31,168.173753,0.1
0,68,193,1.09,44.7,0,19.74929219,0.1
0,67.8,236,6.83,49.2,7,11.1516268,0.1
0,72,187,6.72,27.6,0,643.7035752,0.1
0,72.7,112,1.75,16.7,0,491.4978908,0.1
1,82.4,6,9.25,65.4,1,423.680459,0.1
0,65,212,0.76,72.8,0,18.19457876,0.1
0,73.3,14,0.54,54.6,19,22.0945504,0.1
0,73.1,16,5.91,54.7,6,843.7876995,0.7
0,75,92,5.75,28.1,231,5.660754839,0.1
1,73.8,163,10.21,59.8,0,1356.022164,0.1
0,75,127,4.88,54.9,46,781.2062828,0.1
0,64.6,294,6.94,46.3,8,351.8603267,0.1
0,66,259,0.16,2.1,2,9.087638194,0.1
0,66.6,198,5.69,27.7,0,7.495401346,0.5
1,81.1,57,8.58,68.8,0,374.2947283,0.1
1,72.2,157,10.96,59.1,1,384.1473028,0.1
0,75,12,4.56,5.5,0,45.71354264,0.1
1,78,222,12.3,58.4,0,913.699529,0.1
0,78.9,99,4.22,53.4,1,1859.095621,0.1
0,64.7,287,6.55,45.8,8,33.91660183,0.1
0,68,218,4.96,23.1,57,191.4949779,0.1
0,56.7,336,1.24,2.9,14,77.09551224,4.3
0,71,194,3.81,45.7,4,36.81621175,0.3
1,77.6,11,11.21,58.1,1,287.2084529,0.1
0,56.6,429,6.09,3.3,26,92.60233636,8.8
0,72.6,122,5.07,28.2,0,4.409153436,0.3
0,76,172,2.88,72,0,42.12368374,0.1
0,66,163,0.04,23.9,365,60.18648815,0.1
0,56.7,366,0.01,28.4,47,61.39263642,3.7
1,79.4,85,10.98,6.6,0,5579.199083,0.1
1,76,116,12.06,59.4,0,2425.403891,0.1
1,82.5,57,7.56,63.1,2,4831.644796,0.1
0,73,14,1.02,45.9,6,176.0107106,0.1
0,81.5,68,8.2,64.7,2,971.9280384,0.1
0,72,142,0.56,48.2,23,100.3638322,0.1
0,51.2,364,0.5,17.1,46,43.57328908,4.1
0,75.4,124,6.67,59.5,1,14.47305874,0.1
0,69.1,214,6.82,5.6,6,235.3566066,0.1
0,63.9,224,0.28,16.4,64,2.793843188,0.5
0,86,74,7.46,65.4,0,2183.106986,0.1
0,72.2,151,1.8,68.6,0,423.2953509,0.1
0,65.3,244,7.73,37.1,1,10.9363388,2.3
0,69.1,185,0.01,43,17,19.1624696,0.1
0,76.1,91,5.79,53.5,1,348.0559517,0.1
1,78.6,92,12.61,55.8,0,10111.38928,0.1
0,75,211,2.77,5.1,3,57.74562629,0.2
0,72.8,126,1.29,58.5,28,103.523776,0.1
0,59.4,288,1.7,23,41,129.0263364,2.9
0,66.1,195,2.13,15.9,15,48.35423978,0.6
0,74,15,1.36,51.4,3,379.7659054,0.1
0,55,388,9.55,2.4,542,104.4746444,5.2
0,56.1,285,1.15,2.1,25,10.73628066,2.1
0,66.3,188,0.06,15.4,187,3.43334364,0.1
0,72.5,146,3.97,71.4,0,47.35260547,0.1
0,73.7,17,1.34,5.6,4,321.7694175,0.1
0,59.1,251,1.4,23.5,25,110.2633619,1.4
1,79.1,86,11.12,57.6,2,1934.398154,0.1
0,65.9,218,7.56,45,0,345.9044258,0.3
0,55.5,278,0.57,19.6,55,102.1413744,1.6
0,68.2,21,4.9,41.4,0,251.6586929,0.4
1,76.3,19,12.21,6,0,2160.380199,0.1
0,64.3,222,5.27,23.4,0,10.8139134,1.6
1,72.6,157,10.89,6.9,1,591.5100978,0.1
1,79.5,83,12.26,58.8,2,228.3543024,0.1
0,72.5,146,2.05,7.8,0,568.8692813,0.1
0,74,15,3.63,47.2,1,194.092569,1.5
0,74.2,99,5.31,5.8,1,3.3021542,0.1
1,71.6,2,9.87,56.9,0,373.2605532,0.1
1,75,229,10.4,57.4,0,1099.248837,0.1
1,78.1,96,13.2,5.1,0,3557.455507,0.1
0,74.2,151,3.54,47.2,8,18.09317114,0.3
1,83,71,9.97,6.3,1,3829.550928,0.1
0,73.6,131,0.01,73.8,0,698.3522786,0.1
0,85,74,8.3,62.5,2,7946.743581,0.1
0,68.7,181,0.09,25.6,124,22.8478308,0.3
1,79.6,88,12.25,58.1,0,3119.349824,0.1
0,57.1,283,1.12,21.5,25,7.49281752,2
0,73.9,11,1.94,6.8,1,630.0540723,0.1
0,66.2,24,5.58,26.9,0,63.04032682,0.5
0,73,17,3.69,47.1,3,21.41123529,0.3
0,72.6,11,3.66,45,1,91.71154052,0.1
0,67.4,267,6.79,56.1,5,180.3537859,1
1,75.8,114,12.56,58.7,0,2019.812779,0.1
1,81,8,12.5,53.7,0,7453.8644,0.1
0,81.8,61,2.67,63.4,1,3793.161624,0.1
0,76,198,3.77,44.9,4,2.542436908,0.3
0,54,47,0.96,2.5,69,5.743393664,10.8
0,72.2,165,3.02,42,5,188.2499208,1.2
0,73.4,157,5.93,56.8,6,97.52211538,0.3
0,74.2,144,4.37,55,12,184.3073618,0.1
1,72.5,157,8.51,54.4,3,665.6427546,0.1
0,74.5,148,3.55,53.2,2,473.1238124,0.1
0,67.3,235,0.01,48,1,257.8403154,0.1
0,54.1,361,4.5,14.5,24,21.24915339,3.8
0,67.3,192,1.78,37.5,24,40.13342094,0.3
0,82,94,13.18,57,3,5291.234786,0.1
0,53.6,362,0.01,24.7,490,263.2111031,3.9
0,63.5,228,0.44,15.7,66,4.15451614,0.5
0,71.1,13,1.98,48,5,246.5686008,0.1
1,76.3,13,10.59,58.4,2,220.4916851,0.1
0,81,69,2.23,6.1,1,1895.342792,0.1
0,75.8,125,5.11,57.2,40,980.2537444,0.1
0,65.3,27,0.48,75.2,0,18.21661422,0.1
1,81.7,65,11.12,6.9,0,16255.16198,0.1
0,72,197,2.37,53.4,2,549.2783081,0.3
0,74.1,151,3.11,48.4,4,363.5721644,0.4
0,77.2,89,4.03,55.3,0,732.8662491,0.1
0,76,176,6.5,43,0,144.9850711,0.4
0,73.9,126,6.18,49.2,1,110.1138286,0.1
0,75.2,127,7.75,57.5,11,961.1774676,0.1
0,67.8,183,1.59,37,24,34.41887163,0.3
0,75.7,125,5.52,47.8,1,78.80940216,0.2
1,77.1,14,11.49,61.9,0,1851.713262,0.1
1,82,6,7.49,62.1,2,4793.904924,0.1
0,53.6,459,4.93,29.7,2,56.93670561,21.6
0,74.2,14,1.37,52.2,3,379.5139945,0.1
0,64.7,22,5.46,24,0,47.08931143,1.2
0,58.8,279,0.01,16.7,74,79.67936736,0.1
0,59.6,321,0.59,39.6,11,124.3789361,1.4
0,71.9,166,3.04,41.2,6,194.4335736,1.4
0,63,26,0.01,3.1,8,80.92679802,0.9
1,73.1,159,11.9,55.6,2,128.0805702,0.1
0,69.9,22,6.29,52.3,5,24.44473709,0.1
0,81.6,68,8.3,65.3,2,9748.636237,0.1
0,69.6,162,0.01,39.9,10,7.829008596,0.2
0,77.5,118,6.89,56.3,1,1694.467075,0.1
0,65.6,229,7.56,43.2,0,536.2332523,0.4
0,67,189,0.21,15.4,27,70.27113179,0.2
0,64.8,313,10.87,54.5,20,266.5416917,0.3
0,71.4,178,6.32,57.7,0,1132.432517,0.4
0,65.8,22,0.01,76.7,0,137.2591943,0.1
0,77,148,3.82,22.6,0,155.2072669,0.8
1,83,81,11.96,59.5,0,331.457035,0.1
0,74.5,98,1.67,62.5,1,69.13924862,0.1
0,68,155,0.01,17,2,28.14578503,0.1
0,63.5,219,0.3,21.2,21,1.177477677,0.5
0,75.5,121,8.15,59.8,10,187.610955,0.1
0,69.5,22,4.72,52.6,0,685.0299083,0.8
0,73.1,147,4.53,51.3,15,62.43710774,0.1
0,73.6,14,4.25,46,1,96.20557078,0.1
0,74.1,131,0.49,35.3,3,65.56659662,0.1
0,67,322,0.49,15.1,6,11.76572311,1.1
0,44.5,715,4.06,26.7,26,0,36.7
0,73.9,158,5.95,27.9,10,71.6850913,0.2
1,79,92,12.35,56.5,0,3652.869332,0.1
0,73.6,148,5.36,47.9,3,441.8446244,0.1
0,74.2,13,7.71,53.6,1,158.2576025,0.1
0,75.5,124,5.43,46.9,2,7.320514461,0.1
0,47.1,587,1.18,16.2,38,6.847033785,21.1
0,67.2,183,1.54,36.4,25,28.52135777,0.3
1,82,63,10.3,64.4,1,10986.26527,0.1
0,73.4,157,3.08,45.9,4,286.1211446,0.5
0,73,193,3.51,43.5,4,22.35595448,0.4
0,74.4,144,3.52,47.9,8,19.13983284,0.3
0,73.2,11,1.19,48.9,4,257.2878697,0.1
0,71.8,123,0.51,51.7,21,171.3658969,0.1
0,62.8,274,2.79,38.5,2,56.431387,0.1
0,65.4,247,6.71,36.4,1,15.54978677,1.7
0,68,183,2.56,4,21,92.81479759,0.2
0,59.1,331,0.68,38.2,11,93.37278497,1.3
0,51.6,376,9.05,21.6,527,14.5676468,4.9
0,59.8,269,0.27,18.8,2,7.212110766,0.1
0,74.2,148,0.01,32.8,0,115.2784282,0.1
0,78,16,4.15,51.4,1,1185.412346,0.1
1,81.9,64,10.52,63.9,1,8875.786493,0.1
0,59.1,297,0.01,18.2,22,41.25159038,0.7
0,72.2,121,2.14,5.6,5,275.6514934,0.1
0,52.1,522,0.01,32,4,162.1278115,9.4
0,75,134,3.95,5.7,7,367.9285652,0.1
0,65.2,24,7.04,39.6,1,170.6325842,1.1
0,59.3,347,10.22,16.7,76,94.49686776,6.8
0,73.8,145,1.96,17.2,4,120.2471713,0.1
0,73.5,144,4.66,52,14,780.5946749,0.1
0,71.5,179,4.14,26.4,0,369.6317105,0.1
1,89,78,9.88,6.9,0,271.2545531,0.1
0,61.4,217,0.02,26.1,8,61.76263795,1.3
1,77,14,12.19,61.3,0,1913.356642,0.1
0,67.1,186,1.47,35.9,27,24.99438738,0.2
1,82.3,58,7.35,62.6,2,483.1916844,0.1
0,68.7,26,1.95,57.3,0,81.04656111,0.1
1,78.4,68,11.68,53.8,0,1128.050886,0.1
0,52.4,437,1.49,15.5,74,35.85204668,14.5
0,70,177,6.58,5.1,0,670.0920883,0.2
0,63.5,238,2.86,4,6,186.1013972,0.1
0,77.6,119,6.74,57.1,1,1842.463782,0.1
1,79.8,85,10.05,61.6,0,671.9376566,0.1
1,86,68,11.88,58.9,0,4509.234803,0.1
0,79.8,86,7.26,61.2,2,211.614293,0.1
0,74.6,144,4.38,57.2,11,1435.487755,0.1
0,54.2,382,5.9,24.9,56,68.7073044,6.7
0,72.7,144,0.53,27,4,210.2417002,0.1
0,54.8,321,0.01,12.2,88,10.42496,0.1
0,78,129,1.98,15.6,0,41.30688803,0.1
0,49.6,365,7.8,2.4,78,191.6537407,2.5
0,67.7,273,9.46,57.6,5,456.4586664,0.4
1,72.4,188,12.9,6,0,1423.802386,0.1
0,68.8,184,0.01,42.2,18,16.71406295,0.1
0,73.2,131,0.93,46.8,9,10.21129783,0.1
0,79,19,2.21,45.9,13,472.2234994,0.4
0,65.3,213,0.06,18.2,174,55.36107207,0.1
0,46.4,693,5.51,31.6,2,299.3671252,31.9
0,56.1,288,4.5,15.6,45,107.7988339,1.5
0,73.9,128,4.09,51.9,1,260.9963826,0.1
0,73.9,154,0.01,31.8,0,915.1859205,0.1
0,58,399,6.39,3.8,25,10.66670728,6.8
0,54,47,0.01,23.3,23,1.321464076,0.8
0,75.6,136,3.79,52.7,1,5.457289334,0.6
0,75.3,126,4.93,56.4,42,998.3498049,0.1
1,75.7,136,10.7,57.8,2,1299.159757,0.1
0,56.8,356,1.97,17.3,66,59.83361364,9.1
0,74.4,128,9.65,57,1,774.4396617,0.1
0,68.5,211,2.06,55.9,0,52.1241634,0.1
0,75.4,11,0.01,58.4,21,54.2373183,0.1
1,72.8,18,9.8,58.9,0,1109.969508,0.1
0,58,363,2.47,2.7,30,184.3649102,6.8
0,68,299,0.64,41.9,11,126.6142137,1.5
0,77.6,98,4.34,45.4,1,94.17819458,0.1
0,48.9,418,3.78,22.2,26,54.6659175,1.3
0,74.4,12,1.46,53.1,3,420.1153538,0.1
1,79.3,66,8.84,65.6,0,2380.699796,0.1
1,72.9,154,10.6,55,3,919.1673438,0.1
0,67.4,225,4.26,44.9,2,181.0123284,0.1
0,69.6,181,7.22,45.7,0,51.25232422,0.1
0,72.9,136,0.5,48.9,19,2.548922758,0.1
1,81,54,9.04,59.2,0,212.0859259,0.1
1,79.1,62,12.01,56.8,0,239.6409938,0.1
0,73.3,163,2.95,3.7,0,0.108055973,0.2
0,65.3,237,7.93,37.8,1,16.47949015,2.1
0,48.1,463,0.01,23.8,23,1.443286353,0.6
0,57.6,31,1.6,2.7,42,3.336437969,3.5
0,48.6,453,1.56,19.8,17,40.45156933,7.3
0,72.3,161,5.61,43.5,3,26.18072382,0.2
0,57,415,7.82,14.1,31,1.9659778,8
0,62.2,241,0.12,22.1,2,59.6596497,0.2
0,57.3,295,0.03,14.7,84,17.17151751,0.1
0,75.4,124,4.9,55.7,44,920.8284115,0.1
0,46.2,441,3.91,2.7,29,5.379606465,1.9
0,68.4,225,0.01,51.5,1,281.0023992,0.1
0,75.4,16,5.16,51.5,0,8.240355867,0.1
0,66.7,189,0.05,16.7,177,43.17867291,0.1
0,74.2,148,3.64,48.1,1,25.62349238,0.9
0,66.4,178,0.32,35.3,10,4.153362912,0.3
0,68.4,21,5.67,42.6,0,312.7995946,1.5
0,74,143,1.54,53.5,44,421.2956602,0.1
0,49.5,48,2.09,16.9,90,37.82511936,13.4
0,81,84,7.2,62.5,2,2442.222054,0.1
1,74.4,138,9.58,58.4,2,1078.358105,0.1
1,73.7,153,8.4,53.1,3,412.4323974,0.1
0,79.1,81,9.46,59.2,0,2124.921517,0.1
0,72.1,163,6.38,42.8,3,20.68037294,0.2
0,76,145,0.19,55.8,32,21.82252494,0.1
1,80,8,11.53,58.4,0,18961.3486,0.1
0,66.4,3,11.79,55.7,17,12.25184084,0.3
0,75.9,12,8.35,61,9,1133.558003,0.1
1,81.9,57,7.3,58.5,0,1212.666327,0.1
0,74.2,116,1.49,61.9,21,32.78235828,0.1
1,73.1,158,10.4,56.3,2,14.96373588,0.1
1,77.3,15,14.21,52.5,0,2283.891796,0.1
0,71.2,194,5.92,19.4,17,176.0625201,0.8
0,74,133,4.29,5.2,11,516.4037021,0.3
0,74.1,138,7.81,55.1,12,470.1869145,0.1
1,72.2,161,10.39,6.3,1,508.6304588,0.1
0,82,81,11.1,61.6,3,6646.953935,0.1
0,56.5,273,0.6,2.7,54,9.585584394,1.5
0,79,13,13.89,55.2,3,3451.185079,0.1
0,74.5,141,3.03,2.5,3,20.83302367,0.1
0,68.2,247,12.05,56.2,1,42.33443901,0.1
0,81.8,6,2.78,63.8,1,3830.184587,0.1
0,71.9,155,1.51,67,0,310.8203382,0.1
0,54.3,32,4.73,14.6,47,64.24025208,2
0,75.1,137,3.87,5,7,282.1440066,0.1
0,50,587,4.64,29,30,1.040021112,18.1
1,78.3,95,12.91,55.2,0,910.5062778,0.1
0,67.6,2,0.85,43.8,0,28.90135229,0.1
0,78.8,13,13.63,54.6,3,3410.284431,0.1
0,45.9,6,5.65,27.1,3,2.819124474,50.6
1,82.3,54,7.3,59,0,1142.212403,0.1
0,73.9,99,2.92,24.1,332,171.6596026,0.1
0,69,265,0.72,15.8,37,33.74786198,0.6
0,76.8,127,6.87,53.4,1,1092.155356,0.1
0,74.9,116,0.56,55,21,509.0020405,0.1
0,63.8,241,0.97,18.5,31,78.79967196,0.4
0,65.1,217,4.14,24.7,0,49.93698173,1.2
0,64.8,28,1.37,13.9,1500,34.85942671,0.3
0,58.7,254,1.33,23,25,94.25737917,1.4
1,81.6,61,7.25,6.5,2,5243.316638,0.1
1,71.6,16,10.72,57.5,1,25.06262895,0.1
0,58.3,34,1.44,22,14,39.08258546,2.6
0,74.8,126,0.52,39.5,4,721.3655432,0.1
0,65.1,38,10.47,54.2,21,2.642527148,0.3
0,70,229,10.58,59.3,14,1529.497771,0.2
0,67.9,228,0.28,2.3,1,244.0391949,0.5
0,72.8,166,2.83,3.2,0,624.2361828,0.1
0,49.8,416,2.16,17.3,87,40.82597077,14.5
0,69.9,146,0.58,47.3,24,88.16506179,0.1
1,74.6,138,9.59,59.2,2,1230.748231,0.1
0,72,199,13.94,61.7,0,1147.1114,0.1
0,58.1,299,0.01,22.7,27,50.57976483,0.5
1,73.4,169,15.19,61.9,0,2211.744178,0.1
0,76.3,75,1.59,21.2,0,100.503021,0.1
0,72.8,161,3.23,43.5,5,192.9297829,0.8
0,79.9,77,9.51,62.4,0,3682.88717,0.1
0,76.4,124,6.16,51.9,1,76.2508038,0.2
0,69,371,7.34,49.5,43,978.5905287,4.5
0,72,17,6.85,46.9,81,186.6090485,0.1
1,80,81,10.22,61.9,0,665.7356115,0.1
0,80,77,7.8,6.6,2,5513.329924,0.1
0,50,525,1.27,16.9,36,74.34482999,16.9
0,72.2,185,8.12,31.2,0,916.4741775,0.1
0,63.8,263,2.43,39.8,2,55.60878216,0.1
0,68,178,0.24,16.4,23,84.62302524,0.2
0,74.6,139,3.76,49.3,7,197.9303077,0.1
0,59.5,251,0.01,24.6,25,87.4080423,1.2
0,81.3,86,11.7,6.1,3,72.8001211,0.1
0,59.7,247,0.35,19.1,24,66.02236299,0.7
0,72.3,116,0.62,52.7,20,188.2902861,0.1
0,72.6,134,2.86,47.8,1,57.17810403,0.1
0,73.6,157,3.88,45.1,8,187.3843511,0.3
0,51.6,365,0.56,17.5,46,67.76269089,3.9
0,69.7,19,0.01,61.9,0,50.539484,0.1
0,68,247,12.98,54.4,1,24.24947846,0.1
0,72.5,125,0.54,57,4,32.52523612,0.1
0,77,196,2.14,47.2,12,443.3248254,0.4
0,73.9,114,0.4,64,4,546.6235156,0.1
0,58.9,294,0.01,22.6,14,41.60027954,1.7
1,79.7,57,10.69,58.3,0,2443.325028,0.1
0,67.5,216,4.19,21.1,62,137.327474,0.1
0,71.2,138,1.47,55.1,38,35.55729,0.1
0,54.9,459,7.04,41.6,54,346.5316007,26.6
0,62.9,255,0.01,21.3,56,170.9626624,2.9
0,73.7,115,0.41,63.2,4,67.70171064,0.1
0,76.4,119,6.76,6.1,1,24.73142261,0.1
0,58.1,275,4.51,17.1,42,85.55592906,0.9
